id,nome,status,preco_original
4418318,KIT 5 shorts DUPLO tactel (APENAS SHORT),disponivel,100.0
3501601,Pacote com 5 Conjuntos de Calça Suplex Plus Ref Viés 10,disponivel,175.0
3347550,Pacote com 5 Conjuntos Short 07 Suplex,disponivel,145.0
3347497,Pacote com 5 Conjuntos de Calça Suplex Plus 07,disponivel,175.0
2816748,Pacote com 5 Conjuntos de Calça Plus Size Ref 04,disponivel,175.0
2816743,Pacote com 5 Conjuntos de Short 04 Suplex PLUS SIZE,disponivel,165.0
2816726,Pacote com 5 Conjuntos de Short Bolso 03 Plus,disponivel,140.0
2107286,Pacote com 5 Conjuntos de Calça Viés 09,disponivel,130.0
2049296,Pacote com 5 Conjuntos de Short Plus Viés 07,disponivel,140.0
853903,Pacote com 5 conjuntos plus short bolso 02,disponivel,145.0
684178,PACOTE COM 5 MACACÃO PLUS 01,disponivel,150.0
684175,PACOTE COM 5 MACACÃO PLUS 02,disponivel,150.0
318149,Pacote com 5 Conjuntos Midi Short Bolso,disponivel,145.0
318147,Pacote Com 5 Conjuntos Midi Calça Bolso,disponivel,165.0
318124,Pacote Com 5 Conjuntos de Calça Bolso Plus,disponivel,175.0
3703560,Kit com 5 Conjuntos Fitness em Suplex – Linha Slim (Ref.) 21,disponivel,100.0
3745068,Pacote com 5 Conjuntos – Short Duplo em Suplex 04,disponivel,130.0
3745064,Pacote com 5 Conjuntos – Short Duplo em Suplex 05,disponivel,130.0
3745047,Pacote com 5 Conjuntos – Short Duplo em Suplex 06,disponivel,155.0
3249148,Pacote com 5 Conjuntos de Short Duplo Suplex,disponivel,155.0
2632923,Pacote com 5 Conjuntos de Short Ref 57,disponivel,125.0
3311193,Pacote com 5 Casacos Corta Vento Em Tactel,disponivel,100.0
684191,PACOTE COM 5 MACAQUINHOS CURTO REF 06,disponivel,100.0
3769198,Pacote com 5 Conjuntos Short Duplo em Poliamida com Proteção UV REF 06,disponivel,275.0
3018361,Pacote com 5 conjuntos em poliamida Ref 62 Grmt 320,disponivel,321.3
2960573,Pacote com 10 Regatas M,disponivel,95.0
2851134,Pacote com 5 Conjuntos de Short Ref 08 Jcquard Grmt 360,disponivel,230.0
2774063,PACOTE COM 10 REGATAS MASC DRYFIT SORTIDAS,disponivel,125.0
2576248,Pacote com 5 Conjuntos de Calça Ref 11 Poliamida Gramatura 320,disponivel,220.0
2107380,"Pacote com 10 Blusas Masc DryFit Lisa P,M,G,GG",disponivel,130.0
2107347,Pacote com 5 Conjuntos de Calça Ref 45,disponivel,150.0
1902473,Pacote com 5 Casacos Cropped Poliamida Premium,disponivel,150.0
1902472,Pacote com 5 Casacos Longos Poliamida Premium,disponivel,150.0
1548837,PACOTE COM 5 CONJUNTOS DE CALÇA 44 POLIAMIDA CANELADO,disponivel,350.0
570243,PACOTE COM 5 COLETES PLUS SIZE Gg POLIAMIDA FURADINHO,disponivel,130.0
570240,PACOTE COM 5 CASAQUINHOS LONGO PLUS SIZE- Gg,disponivel,125.0
352718,PACOTE COM 10 BLUSAS COM MANGA G POLIAMIDA,disponivel,205.0
352707,PACOTE COM 5 CONJUNTOS DE CALÇA POLIAMIDA MODELO 03 Canelado,disponivel,350.0
2141881,PACOTE COM 5 MACAQUINHOS POLIAMIDA CANELADO COM REGULAGEM,disponivel,330.0
317955,Pacote Com 10 Regatas Gg,disponivel,95.0
4364027,Pacote com 5 Macaquinho Ref 01 Em Suplex,disponivel,125.0
4364023,Conjunto de Calça em Suplex Ref 71,disponivel,150.0
2632810,Pacote com 5 Conjuntos de Calça Ref 51 Suplex,disponivel,155.0
3950005,Pacote com 5 Conjuntos de Calça Viés,disponivel,120.0
2773884,PACOTE COM 5 CONJUNTOS DE CALCA REF 28 POLIAMIDA GMRT 320,disponivel,220.0
4019547,Pacote com 5 Conjuntos de Short Duplo em Suplex Ref 06,disponivel,120.0
3347534,Pacote com 5 Conjuntos de Short Duplo Suplex Bicolor,disponivel,175.0
3347483,Pacote com 5 Conjuntos de Short Bolso 04 Plus Suplex,disponivel,145.0
2845550,PACOTE COM 5 CONJUNTOS DE SHORT REF 04 POLIAMIDA CANELADO,disponivel,325.0
570213,PACOTE COM 5 CASAQUINHOS COLETE POLIAMIDA FURADINHO SLIM,disponivel,100.0
3378713,Pacote com 5 Conjuntos de Calça Plus Bolso 04 Suplex,disponivel,175.0
3950068,Pacote com 5 Casacos Tactel Ref 01,disponivel,100.0
3950065,Pacote com 5 Casacos Tactel Ref 03,disponivel,100.0
3769158,Conjunto Bicolor 08 Plus Size – Suplex (Pacote com 5 peças),disponivel,140.0
3769152,Conjunto Bicolor Plus Size – Suplex (Pacote com 5 peças) REF 06,disponivel,140.0
3769137,Conjunto Bicolor Plus Size – Suplex (Pacote com 5 peças) REF 07,disponivel,140.0
3555110,Pacote com 5 Conjuntos de Short Suplex Bicolor 05 Plus Size,disponivel,125.0
2816717,Pacote com 5 Conjuntos de Calça Bolso 03 Plus,disponivel,165.0
318133,Pacote Com 5 Conjuntos Plus Size Viés 02,disponivel,142.8
318117,Pacote Com 5 Conjuntos De Calça Plus Vies02,disponivel,175.0
3405523,Pacote com 10 Blusa de Tule em Poliamida,disponivel,165.5
3874845,Pacote com 10 BLUSÃO Tule Poliamida Recorte Lateral,disponivel,200.5
3709232,Pacote com 10 Blusa de Tule em Poliamida Ref 03,disponivel,165.5
3552957,Pacote com 10 Regatas de Tule,disponivel,165.5
3405521,Pacote com 10 Cropped de Tule,disponivel,165.5
3388638,Pacote com 10 Blusão de Tule Sortidos,disponivel,200.5
3703564,Kit com 5 Conjuntos Fitness em Suplex – Linha Slim (Ref.) 26,disponivel,155.0
3703557,Kit com 5 Conjuntos Fitness em Suplex – Linha Slim (Ref.)22,disponivel,100.0
3950013,Pacote com 5 Conjuntos de Calça Viés 04+ Top No,disponivel,125.0
3950006,Pacote com 5 Conjuntos de Calça Viés 04,disponivel,125.0
3950002,Pacote com 5 Conjuntos de Calça Bolso 02,disponivel,120.0
3865600,Pacote com 10 Blusa Uv Unisexx,disponivel,155.0
3703559,PACOTE COM 5 Conjunto Fitness em Suplex – Linha Slim REF 23,disponivel,100.0
458313,PACOTE COM 5 CONJUNTOS DE SHORT VIÉS 04,disponivel,120.0
2883378,Pacote com 5 Conjuntos de Calça Ref 71 Suplex,disponivel,120.0
2632922,Pacote com 5 Conjuntos de Calça Ref 45,disponivel,125.0
3555118,Pacote com 5 Conjuntos de Calça Suplex Bicolor 05,disponivel,175.0
3555055,Pacote com 5 Conjuntos de Short Linha Mídi POLIAMIDA 01,disponivel,250.0
3249086,Pacote com 5 Conjuntos de Calça Suplex Ref Bicolor 04,disponivel,120.0
352712,PACOTE COM 5 CONJUNTOS DE SHORT POLIAMIDA MODELO 03 Canelado,disponivel,330.0
3347522,Pacote com 5 Conjuntos de Short Suplex Bicolor 04,disponivel,145.0
3347509,Pacote com 5 Conjuntos de Calça Bicolor 04 Plus Size,disponivel,175.0
2708854,Pacote com 5 Conjuntos de Calça Ref 84,disponivel,135.0
2708825,Pacote com 5 Conjuntos de Calça Suplex Ref 87,disponivel,125.0
684180,PACOTE COM 5 CONJUNTOS DE CALÇA PLUS VIÉS 05,disponivel,175.0
3249117,Pacote com 5 Conjuntos de Calça Bolso Suplex Ref 06,disponivel,115.0
3249066,Pacote com 5 Conjuntos de Short Saia Suplex Ref 05,disponivel,120.0
3221685,Pacote com 5 Conjuntos de Calça Ref 68 Suplex,disponivel,155.0
3221669,Pacote com 5 Conjuntos de Calça Ref 69 Suplex,disponivel,120.0
3221663,Pacote com 5 Conjuntos de Calça Ref 61 Suplex,disponivel,155.0
3221653,Pacote com 5 Conjuntos de Short Ref 63 Suplex,disponivel,125.0
3221639,Pacote com 5 Conjuntos de Calça Ref 67 Suplex,disponivel,125.0
2773815,PACOTE COM 5 CONJUNTOS DE SHORT 01 POLIAMIDA GMRT 320,disponivel,200.0
2708846,Pacote com 5 Conjuntos de Short Saia Ref 81,disponivel,120.0
684203,PACOTE COM 5 CONJUNTOS DE CALÇA 02 BOLSO,disponivel,125.0
1366383,Pacote com 5 Conjuntos de Short Saia 03,disponivel,120.0
947443,Pacote com 5 Conjuntos De Short Saia 01,disponivel,120.0
2967282,Pacote com 5 Conjuntos de Short Saia Plus Bicolor,disponivel,165.0
2816699,Pacote com 5 Conjuntos de Short Plus Bicolor 02 Suplex,disponivel,125.0
2816695,Pacote com 5 Conjunto de Calça Plus Size Bicolor 03 Suplex,disponivel,140.0
1902476,Pacote com 10 Regatas Poliamida Premium Ref 12,disponivel,120.0
1366446,Pacote com 5 Conjuntos De Calça Viés 07,disponivel,120.0
1366405,Pacote com 5 Conjuntos De Calça de Viés 08,disponivel,120.0
906628,Pacote com 5 Conjuntos de Calça Viés 04+Top Nó,disponivel,120.0
477632,Pacote com 5 Conjuntos de Short Vies 04 Plus Size,disponivel,125.0
477630,Pacote com 5 Conjuntos Plus Size Calça Viés 04,disponivel,140.0
318132,Pacote Com 5 Conjuntos Plus Size Short Vies,disponivel,145.0
2816723,Pacote com 5 Conjuntos de Short Saia 03 Plus,disponivel,165.0
2049307,Pacote com 5 Conjuntos de Calça Estampado Plus Faixa,disponivel,160.0
2708869,Pacote com 5 Conjuntos de Short Ref 91,disponivel,125.0
947432,Pacote com 5 Conjuntos De Short Saia 02,disponivel,125.0
317277,Pacote com 5 Conjuntos Calça Viés 03,disponivel,120.0
318126,Pacote Com 5 Conjuntos Plus Size Faixa Cós,disponivel,163.2
317284,Pacote com 5 Conjuntos de Calça Ombro,disponivel,125.0
2691573,Pacote com 5 Conjuntos de Calça Ref 60A Grmt 320,disponivel,220.0
2691560,Pacote com 5 Conjuntos de Calça Ref 59 Poliamida Grmt 320,disponivel,300.0
477732,Pacote com 5 Conjuntos Short Plus Size Faixa 02,disponivel,125.0
318110,Pacote com 5 Calça Viés Plus Size,disponivel,175.0
684193,PACOTE COM 5 MACACÃO LONGO REF 07,disponivel,100.0
2049299,Pacote com 5 Conjuntos de Calça Plus Bolso 02 Estampado,disponivel,160.0
2049293,Pacote com 5 Conjuntos Plus Estampado Short Bolso,disponivel,140.0
2049287,Pacote com 5 Conjuntos De Short Plus Viés 08,disponivel,140.0
2049286,Pacote com 5 Conjuntos de Calça Plus Viés 07,disponivel,165.0
2049282,Pacote com 5 Conjuntos de Calça Plus Viés 08,disponivel,165.0
853848,Pacote com 5 conjuntos de calça plus Bolso 02,disponivel,175.0
477655,Pacote com 5 Conjuntos De Calça Faixa 02,disponivel,140.0
384565,PACOTE COM 5 CONJUNTOS DE CALÇA VIÉS O3 PLUS SI,disponivel,175.0
318129,Pacote Com 5 Conjuntos Short Plus Size Faixa Cós,disponivel,125.0
318128,Pacote Com 5 Conjuntos Plus Size Short Bolso,disponivel,165.0
1139922,PACOTE COM 5 CONJUNTOS DE CALÇA PLUS VIÉS 03 ESTAMPADO,disponivel,163.2
318145,Pacote com 5 conjuntos Midi Viés 02,disponivel,142.8
449557,PACOTE COM 5 CONJUNTOS DE CALÇA LANÇAMENTO VIÉS 04,disponivel,150.0
384574,PACOTE COM 5 CONJUNTOS DE SHORT VIES 03 PLUS,disponivel,125.0
318146,Pacote Com 5 Conjuntos Calça Midi Viés 02,disponivel,165.0
318144,Pacote Com 5 Conjuntos Midi Short Faixa,disponivel,125.0
318143,Pacote Com 5 Conjuntos Calça Midi Faixa Cós,disponivel,140.0
317954,Pacote com 10 Regatas G,disponivel,95.0
4210537,Colete tactel pacote com 5,disponivel,97.5
1299848,PACOTE COM 10 BLUSAS EM POLIAMIDA REF 08,disponivel,183.6
384568,PACOTE COM 5 CONJUNTOS DE CALÇA BICOLOR PLUS SIZE,disponivel,175.0
402269,PACOTE COM 5 CONJUNTOS DE CALÇA MIDI SIZE DE VIES,disponivel,175.0
1026249,PACOTE COM 5 CONJUNTOS DE SHORT PLUS VIES 05,disponivel,145.0
402270,PACOTE COM 5 CONJUNTOS DE SHORT MIDI SIZE DE VIES,disponivel,145.0
384571,PACOTE COM 5 CONJUNTOS DE SHORT BICOLOR PLUS,disponivel,130.0
4249930,Pacote com 5 Conjuntos Poliamida Liso Ref 06 TAM MÍDI,esgotado,250.0
3361907,Pacote com 5 Conjuntos de Calça Gramatura 320 Poliamida Ref 73,esgotado,300.0
2535719,Pacote com 5 Conjuntos de Calça Poliamida Canelado Ref 58,esgotado,350.0
2182005,PACOTE COM 5 CONJUNTOS DE CALÇA POLIAMIDA CANELADO REF 55A,esgotado,350.0
1548828,PACOTE COM 5 CONJUNTOS DE CALÇA 33 POLIAMIDA CANELADO,esgotado,350.0
425018,Pacote com 5 Conjuntos De Calça 04 Poliamida Canelado,esgotado,290.0
359658,Pacote com 10 Blusa com Manga Em Poliamida Plus Gg,esgotado,205.0
359656,Pacote com 10 Regata Em Poliamida Plus Gg,esgotado,185.0
2960582,Pacote com 10 Blusas com manga M,esgotado,105.0
2535534,Pacote com 5 Macacão Ref 09 Longo Poliamida Canelado,esgotado,350.0
1548840,PACOTE COM 5 CONJUNTOS DE CALÇA 55 POLIAMIDA CANELADO,esgotado,350.0
570215,PACOTE COM 5 CROPPED CURTO COM ZIPER POLIAMIDA,esgotado,100.0
3361897,Pacote com 5 Conjuntos Poliamida Ref 77,esgotado,280.0
3769201,Pacote com 5 Conjuntos Short Duplo em Poliamida com Proteção UV REF 08,esgotado,275.0
3036498,Pacote com 5 Conjuntos de Short Duplo Ref 03,esgotado,280.5
3018366,Pacote com 5 Conjuntos de Short Duplo Poliamida Uv Ref 01,esgotado,280.5
2774035,PACOTE COM 5 CONJUNTOS DE CALCA 09 POLIAMIDA GRMT 320,esgotado,275.0
2141935,PACOTE COM 5 MACACÃO LONGO POLIAMIDA CANELADO COM REGULAGEM,esgotado,350.0
1712443,PACOTE COM 5 MACAQUINHOS POLIAMIDA CANELADO,esgotado,220.0
3703565,Kit com 5 Conjuntos Fitness em Suplex – Linha Slim (Ref.) 24,esgotado,155.0
3347539,Pacote com 5 Conjuntos de Short Saia 07 Plus Suplex,esgotado,175.0
2816737,Pacote com 5 Conjuntos de Calca Ref 01 Suplex Plus,esgotado,165.0
3769174,Pacote com 5 Conjuntos Short Duplo em Poliamida com Proteção UV – Tamanho Único Ref 05,esgotado,275.0
3555026,Pacote com 5 Conjuntos de Calca 01 Poliamida Mídi,esgotado,250.0
3724372,Kit com 5 Conjuntos de Colete+ Short Duplo Tactel,esgotado,200.5
2845546,PACOTE com 5 Conjuntos PLUS DE SHORT REF 05 Canelado,esgotado,325.0
4249984,Pacote com 5 conjuntos em Poliamida Ref 05 Tam Mídi,esgotado,250.0
4249968,Pacote com 5 Conjuntos de short Poliamida Ref 05 TAM Mídi,esgotado,250.0
4249936,Pacote com 5 Conjuntos de Short TAM MÍDI Poliamida Ref 06,esgotado,250.0
4019586,Pacote com 5 Conjuntos Ref 38 em Suplex,esgotado,130.0
3781598,Casaco Fitness com Zíper e Bolso – Pacote com 5 (Cores Sortidas) Tecido Poliamida,esgotado,175.0
4019589,Pacote com 5 Conjuntos Ref 37 Em Suplex,esgotado,110.0
3769190,Pacote com 5 Conjuntos Short Duplo em Poliamida com Proteção UV REF 07,esgotado,275.0
3950034,Pacote com 5 Conjuntos de Short Viés,esgotado,100.0
3949998,Pacote com 5 Conjuntos de Calça Bolso,esgotado,125.0
3378715,Pacote com 5 Conjuntos de Calça Viés 09 Suplex,esgotado,175.0
3567052,Pacote com 5 Macaquinhos Em Poliamida Ref 02 Gramatura 310,esgotado,250.0
2902240,Pacote com 5 Short Duplo Ref 02,esgotado,126.0
3361840,"Pacote com 5 Conjuntos de Calça Em Poliamida Gramatura 320, Ref 74",esgotado,300.0
4019559,Pacote com 5 Macaquinhos Ref 40 em Suplex- Tam M,esgotado,125.0
3703562,Kit com 5 Conjuntos Fitness em Suplex – Linha Slim (Ref.) 27,esgotado,125.0
3950022,Pacote com 5 Conjuntos Short Viés 04,esgotado,100.0
3950015,Pacote com 5 Conjuntos de Short Bolso 02,esgotado,100.0
3944748,Pacote com 5 Corta Vento Tactel Bicolor,esgotado,120.5
2049292,Pacote com 5 Conjuntos Plus Canelado Short 01,esgotado,325.0
642355,PACOTE COM 5 CONJUNTOS DE CALÇA PLus 01 POLIAMIDA Canelado,esgotado,350.0
788875,PACOTE COM 5 CONJUNTOS CALÇA 03 POLIAMIDA CANELADO,esgotado,350.0
3612657,Pacote com 5 Short Duplo Ref 04,esgotado,128.0
3865602,Pacote com 10 Blusa Uv Feminina,esgotado,155.0
2902232,Pacote com 5 Short Duplo Tactel,esgotado,128.0
1366399,Pacote com 5 Conjuntos de Short de Viés 09,esgotado,125.0
3703570,Kit com 5 Conjuntos Fitness em Suplex – Linha Slim (Ref.)25,esgotado,125.0
2107307,Pacote com 5 Conjuntos de Calça Bolso 03,esgotado,150.0
2107294,Pacote com 5 Conjuntos de Calça Ref 46,esgotado,150.0
3649194,Kit com 5 Conjuntos em Poliamida Premium Ref 19– Cores Variadas,esgotado,320.0
489814,"Combo Promocional 10 Tops Poliamida Caneladinho, LISO,JACQ- SLIM",esgotado,150.0
3590648,Blusa Feminina em Poliamida Furadinho – Pacote com 10 Unidades,esgotado,200.0
3567563,Pacote com 10 Shorts Plus Size Em Poliamida,esgotado,350.0
3567537,Pacote com 10 Calças Em Poliamida Linha Plus,esgotado,300.0
3567535,Pacote com 10 Tops Plus Size Em Poliamida,esgotado,180.0
3567529,Pacote com 10 Shorts em Suplex Linha Plus,esgotado,220.0
3567483,Kit com 10 Calças em Suplex Linha Plus,esgotado,130.0
3567468,Kit Promocional 10 Shorts em Poliamida Linha Slim,esgotado,280.0
3567019,Pacote com 5 Conjuntos de Calça Ref 10 em Poliamida Plus,esgotado,350.0
2596825,Combo Black Conjuntos de Short PLUS SIZE EM POLIAMIDA,esgotado,150.0
2596820,Combo Black Conjuntos De Calça PLUS SIZE EM POLIAMIDA,esgotado,175.0
489813,"Combo Promocional 10 Calças Poliamida Caneladinho,LISO, JACQUARD -SLIM",esgotado,250.0
3555073,Pacote com 5 Conjuntos de Short Em Poliamida 09 Plus,esgotado,350.0
3555064,Pacote com 5 Conjuntos de Calça 09 Linha Plus Poliamida,esgotado,350.0
3555017,Pacote com 5 Conjuntos de Calça MIDI 09 em poliamida,esgotado,350.0
3555011,Pacote com 5 Conjuntos de Short 09 MIDI SIZe em poliamida,esgotado,330.0
2984282,Pacote com 5 Short Duplo Ref 03,esgotado,128.0
1548847,PACOTE COM 5 CONJUNTOS DE SHORT POLIAMIDA CANELADO REF 66,esgotado,310.0
3378711,Pacote com 5 Conjuntos Short Suplex Viés 09,esgotado,145.0
3378707,Pacote com 5 Conjuntos de Short Duplo Viés 02 Plus Size,esgotado,175.0
3347555,Pacote com 5 Conjuntos De Short Suplex 08,esgotado,145.0
3347526,Pacote com 5 Conjuntos de Calça Viés 08 Suplex,esgotado,175.0
2845533,PACOTE COM 5 CONJUNTOS DE SHORT POLIAMIDA REF 05,esgotado,325.0
2845510,PACOTE COM 5 CONJUNTOS DE CALCA REF 06 POLIAMIDA PLUS,esgotado,340.0
2845502,PACOTE COM 5 CONJUNTOS DE CALCA REF 04 POLIAMIDA PLUS,esgotado,350.0
1712543,PACOTE COM 5 CONJUNTOS DE SHORT POLIAMIDA CANELADO REF 02 PLUS SIZE,esgotado,325.0
2535681,Pacote com 5 Conjuntos de Short Poliamida Canelado Ref 08,esgotado,330.0
2535739,Pacote com 5 Conjuntos de Calça Poliamida Canelado Ref 60,esgotado,350.0
2535702,Pacote com 5 Conjuntos de Calça Ref 59 Poliamida Canelado,esgotado,350.0
2845494,PACOTE COM 5 CONJUNTOS DE CALCA EM POLIAMIDA PLUS REF 05,esgotado,350.0
3265746,Pacote com 5 Conjuntos Short Duplo Bicolor Suplex,esgotado,155.0
3036689,Pacote com 5 Conjuntos de Calca Poliamida Canelado Plus Ref 02,esgotado,331.5
2984089,Pacote com 5 Conjuntos de Calça Poliamida Grmtr 310 Bicolor,esgotado,250.0
3249141,Pacote com 5 Conjuntos de Short Bolso Suplex,esgotado,125.0
3249070,Pacote com 5 Conjuntos de Calça Suplex Ref 14,esgotado,158.1
3221674,Pacote com 5 Conjuntos de Calça Suplex Ref 66,esgotado,155.0
3221650,Pacote com 5 Conjuntos de Short Ref 65 Suplex,esgotado,125.0
2773806,Pacote com 5 Macaquinhos Poliamida Grmt 320,esgotado,200.0
2851135,Pacote com 5 Conjuntos de Calça Jacquard Ref 08 Grmt 360,esgotado,357.0
3144665,Kit com 5 Conjunto Promocional em Jacquard com Bojo- Ref 03,esgotado,178.5
3144660,Kit com 5 Conjunto Promocional em Jacquard com bojo- Ref 05,esgotado,178.5
3144652,Kit com 5 Conjunto Promocional em Jacquard com bojo/ Ref 01,esgotado,178.5
3144643,Kit com 5 Conjunto Promocional em Jacquard com bojo | Ref 04,esgotado,178.5
684186,PACOTE COM 5 MACAQUINHO CURTO REF 04,esgotado,125.0
352706,PACOTE COM 5 CONJUNTOS DE CALÇA POLIAMIDA MODELO 01 Canelado,esgotado,350.0
3018363,Pacote com 5 Conjuntos de Short Duplo Uv Poliamida Ref 02,esgotado,280.5
3018358,Pacote com 5 Conjunto em Poliamida Grmt 320 Ref 61 Com Zíper,esgotado,331.5
3003287,Pacote com 5 Short Duplo Masculino,esgotado,153.0
2967285,Pacote com 5 Conjuntos de Short Saia Plus Ref 05,esgotado,165.0
2951501,PACOTE COM 5 Short Duplo Masculino Tactel Com Elastano+ Microfibra,esgotado,165.0
1481538,PACOTE PROMOCIONAL 10 SHORTS SUPLEX SORTIDOS,esgotado,120.0
1902504,Pacote com 10 Regatas Slim Poliamida Premium,esgotado,175.0
2708873,Pacote com 5 Conjuntos de Calça Ref 83,esgotado,125.0
2883399,Pacote com 5 Conjuntos de Calça Poliamida Canelado Ref 06,esgotado,340.0
1745858,PACOTE COM 5 CONJUNTOS DE SHORT POLIAMIDA CANELADO PLUS COM BOLSO,esgotado,325.0
595712,Pacote com 5 Conjuntos Calça de Viés 06,esgotado,155.0
477606,Pacote com 5 Conjuntos De Calça Viés 05,esgotado,150.0
2576320,Pacote com 5 Conjuntos de Short Poliamida Ref 32 Gramatura 320,esgotado,220.0
2576243,Pacote com 5 Macacão Longo Poliamida Gramatura 320,esgotado,350.0
2147241,Pacote com 10 Blusas Masculinas Poliamida Premium M/G REF 02,esgotado,220.0
1902514,Pacote com 10 Blusas Com Manga Poliamida Slim,esgotado,185.0
1578298,PACOTE COM 5 CONJUNTOS DE CALÇA BICOLOR SUPLEX,esgotado,120.0
2851137,Pacote com 5 Conjuntos De Calça Jacquard Ref 07- Grmt 360,esgotado,357.0
2851136,Pacote com 5 Conjuntos de Calça Jacquard Ref 06,esgotado,357.0
2632916,Pacote com 5 Conjuntos de Calça Ref 52 Suplex,esgotado,155.0
2049305,Pacote Com 5 Conjuntos de Short Bolso 02 Plus,esgotado,140.0
2816710,Pacote com 5 Conjuntos de Short Ref 02 Plus Size,esgotado,140.0
1712364,PACOTE COM 5 CONJUNTOS DE SHORT VIES 04 ESTAMPADO SUPLEX,esgotado,90.0
1712201,PACOTE COM 5 CONJUNTOS DE VIES 04 CALCA ESTAMPADO SUPLEX,esgotado,90.0
1088090,Pacote com 5 Conjuntos De Calça Cinto,esgotado,100.0
1115348,PACOTE COM 5 MACAQUINHO CURTO REF 06 ESTAMPADO,esgotado,75.0
1712136,PACOTE COM 5 CONJUNTOS DE CALÇA VIÉS ESTAMPADO SUPLEX,esgotado,90.0
449556,PACOTE COM 5 CONJUNTOS DE CALÇA LANÇAMENTOCÓS REF03,esgotado,120.0
1978360,Pacote com 5 Conjuntos Short Bolso Suplex Oncinha,esgotado,112.26
2147226,Pacote com 10 Blusas Masculinas Ref 03 Poliamida Premium M/G,esgotado,220.0
1578317,PACOTE COM 5 CONJUNTOS DE SHORT REF 43 SUPLEX,esgotado,112.2
1578282,PACOTE COM 5 CONJUNTOS DE SHORT REF 44 SUPLEX,esgotado,112.2
2773797,Pacote com 5 Conjuntos Short Bolso Poliamida GRMT 320,esgotado,280.5
352704,PACOTE COM 5 CONJUNTOS DE CALÇA POLIAMIDA MODELO 02 Canelado,esgotado,350.0
2691564,Pacote com 5 Conjuntos de Calça Ref 58 Poliamida 320,esgotado,340.0
1712549,PACOTE COM 5 CONJUNTOS DE SHORT POLIAMIDA CANELADO REF 01 PLUS SIZE,esgotado,325.0
2576261,Pacote com 5 Conjuntos de Calça Ref 10 Polamida Gramatura 320,esgotado,340.0
1299871,Pacote com 5 Macaquinhos De Bolso,esgotado,125.0
2576338,Pacote com 5 Conjuntos de Short Poliamida Ref 06 Gramatura 320,esgotado,300.0
2576236,Pacote com 5 Conjuntos de Short Ref 07 Poliamida Gramatura 320,esgotado,300.0
2107355,"Pacote Com 10 Blusas Bicolor Dry Fit Masc P,M,G,GG",esgotado,155.0
2147206,Pacote com 10 Blusas Masculinas 01 em Poliamida Premium M/G,esgotado,195.0
1902456,Pacote com 5 Conjuntos de Calça 360Grmt Jacquard Ref 55,esgotado,306.0
2088549,PACOTE COM 5 MACAQUINHOS ONCINHA REF 07,esgotado,112.26
1578312,PACOTE COM 5 CONJUNTOS DE SHORT BICOLOR SUPLEX,esgotado,112.2
1578276,PACOTE COM 5 CONJUNTOS DE CALÇA REF 38 SUPLEX,esgotado,137.7
2049294,Pacote com 5 Conjuntos Short Plus Faixa Estampado,esgotado,140.0
2049291,Pacote com 5 Conjuntos De Short Plus Jacquard 02,esgotado,280.63
2049288,Pacote com 5 Conjuntos de Short Plus Jacquard Com Bolso,esgotado,280.63
1978357,Pacote com 5 Conjuntos Calça Viés Suplex Oncinha,esgotado,137.77
1978356,Pacote com 5 Conjuntos Calça Bolso Suplex Oncinha,esgotado,137.77
1978354,Pacote com 5 Conjuntos de Calça Viés 02 Suplex Oncinha,esgotado,137.7
1978352,Pacote com 5 Conjuntos Bolso 02 Oncinha Suplex,esgotado,112.2
1902512,Pacote com 5 Macaquinhos Jacquard 360Grmt,esgotado,306.0
1902448,Pacote com 5 Conjuntos de Calça Jacquard 360 Ref 29,esgotado,306.0
1902373,PACOTE COM 5 CONJUNTOS DE SHORT REF 05 POLIAMIDA JACQUARD 360 GRAMATURA,esgotado,280.5
1745921,Pacote com 5 Conjuntos de Short Cinto,esgotado,117.3
1391306,Pacote com 5 Conjuntos de Calça Poliamida Jacquard Ref 03,esgotado,306.0
1712433,PACOTE COM 5 CONJUNTOS DE SHORT ESTAMPADO BOLSO 02,esgotado,75.0
1712193,PACOTE COM 5 CONJUNTOS DE CALÇA BOLSO ESTAMPADO SUPLEX,esgotado,90.0
1481575,PACOTE COM 5 CONJUNTOS DE CALÇA REF 27 POLIAMIDA JACQUARD,esgotado,306.0
1578253,PACOTE COM 5 CONJUNTOS DE CALÇA REF 37 SUPLEX,esgotado,137.7
1578333,PACOTE COM 5 CONJUNTOS DE CALÇA REF CÓS ELASTICO SUPLEX,esgotado,137.7
1578291,PACOTE COM 5 CONJUNTOS DE SHORT FAIXA LATERAL SUPLEX,esgotado,112.2
1578266,PACOTE COM 5 CONJUNTOS DE SHORT REF 42 SUPLEX,esgotado,112.2
1548848,PACOTE COM 5 CONJUNTOS DE SHORT POLIAMIDA CANELADO REF 77,esgotado,280.5
1139928,PACOTE COM 5 CONJUNTOS DE SHORT PLUS BOLSO 02 ESTAMPADO,esgotado,140.0
1481770,PACOTE COM 5 CONJUNTOS DE SHORT BOLSO POLIAMIDA JACQUARD,esgotado,280.5
1481566,PACOTE COM 5 CONJUNTOS DE CALÇA REF 25 POLIAMIDA JACQUARD,esgotado,306.0
1391213,Pacote com 5 Conjuntos Poliamida Jacquard Ref 02,esgotado,306.0
1391196,Pacote com 5 Conjuntos de Calça Poliamida Jacquard Ref 04,esgotado,350.0
352722,PACOTE COM 10 REGATAS G POLIAMIDA,esgotado,185.0
317922,Pacote Com 5 Macaquinhos 01,esgotado,125.0
1115372,PACOTE COM 5 CONJUNTOS DE CALÇA REF 33 POLIAMIDA GMTR 300,esgotado,280.5
1139935,PACOTE COM 5 CONJUNTOS DE SHORT PLUS VIÉS 04,esgotado,140.0
1139934,PACOTE COM 5 CONJUNTOS DE SHORT PLUS VIÉS 03,esgotado,140.0
1115383,PACOTE COM 5 CONJUNTOS DE SHORT REF 05 POLIAMIDA GMRT 300,esgotado,255.0
1115377,PACOTE COM 5 CONJUNTOS DE CALÇA REF 34 POLIAMIDA LISO,esgotado,280.5
425021,Pacote com 5 Conjuntos de Short Poliamida 06 Canelado,esgotado,255.0
746157,PACOTE COM 5 CONJUNTOS DE CALÇA POLIAMIDA CANELADO REF 14,esgotado,280.5
4116139,"Kit Corta vento ref 00, 5 un.",esgotado,190.5
3870620,COMBO PROMOCIONAL SHORT DUPLO,esgotado,120.0
